Date,Open,High,Low,Last,Close,Total Trade Quantity,Turnover (Lacs)
2015-03-17,459.0,482.0,431.0,454.5,449.2,8243.0,37.98
2015-03-18,455.0,474.85,451.05,468.5,469.75,5073.0,23.65
2015-03-19,468.4,477.8,450.0,465.0,463.0,6551.0,30.08
2015-03-20,464.0,464.8,448.0,452.0,452.0,1309.0,5.95
2015-03-23,445.4,456.5,445.4,450.0,450.45,7653.0,34.45
2015-03-24,455.1,455.1,432.4,440.0,441.6,2139.0,9.36
2015-03-25,445.0,453.0,411.0,430.0,436.6,9952.0,43.66
2015-03-26,435.0,445.0,402.4,425.0,416.2,3639.0,15.52
2015-03-27,425.0,435.0,405.05,433.0,429.45,3788.0,16.06
2015-03-30,425.0,440.0,420.0,440.0,439.35,1752.0,7.53
2015-03-31,435.0,440.0,425.35,440.0,439.45,2001.0,8.74
2015-04-01,440.0,440.0,430.0,430.0,431.85,528.0,2.31
2015-04-06,445.0,445.0,430.0,437.0,436.3,1509.0,6.62
2015-04-07,431.05,445.9,422.0,440.0,439.95,5288.0,23.06
2015-04-08,440.0,440.0,426.0,426.05,428.9,4875.0,21.16
2015-04-09,425.0,450.0,405.5,438.0,438.9,10889.0,47.31
2015-04-10,438.7,450.0,435.0,444.95,440.0,2086.0,9.23
2015-04-13,448.0,455.05,441.0,450.0,449.9,3984.0,17.96
2015-04-15,453.0,453.0,430.0,430.0,433.55,3045.0,13.37
2015-04-16,439.95,440.0,425.0,430.0,434.85,1312.0,5.7
2015-04-17,436.95,436.95,422.0,422.0,425.35,1178.0,5.06
2015-04-20,423.75,434.0,410.0,434.0,416.35,4637.0,19.29
2015-04-21,411.35,420.9,410.0,411.35,411.35,2935.0,12.08
2015-04-22,410.65,430.45,410.65,425.0,418.7,937.0,3.89
2015-04-23,410.55,420.9,410.05,410.05,410.8,354.0,1.46
2015-04-24,411.1,412.85,404.0,404.0,409.45,3055.0,12.52
2015-04-27,410.0,410.0,331.25,400.0,400.05,3894.0,14.9
2015-04-28,400.0,411.0,390.0,409.9,400.95,1316.0,5.28
2015-04-29,395.0,400.0,379.1,385.0,385.85,304.0,1.17
2015-04-30,399.35,407.95,386.55,400.0,397.55,6554.0,26.46
2015-05-04,385.2,408.0,385.2,397.5,402.1,2323.0,9.35
2015-05-05,390.7,420.0,390.7,408.0,409.8,904.0,3.7
2015-05-06,408.0,408.0,383.0,385.15,387.3,1001.0,3.94
2015-05-07,396.95,400.05,368.0,380.0,376.55,1768.0,6.83
2015-05-08,388.0,399.7,375.0,375.0,380.0,101823.0,386.98
2015-05-11,383.0,410.0,383.0,400.0,402.75,942.0,3.78
2015-05-12,390.0,410.0,386.05,397.0,401.25,350.0,1.4
2015-05-13,400.0,414.5,399.9,400.0,404.5,1054.0,4.26
2015-05-14,405.45,408.7,395.0,395.0,396.3,666.0,2.66
2015-05-15,408.0,408.0,391.0,391.0,394.95,443.0,1.75
2015-05-18,394.95,412.0,392.05,400.0,404.25,21184.0,85.8
2015-05-19,409.95,432.0,401.55,432.0,421.05,1240.0,5.15
2015-05-20,419.2,440.0,419.2,440.0,436.55,380.0,1.65
2015-05-21,420.0,434.0,410.0,429.2,429.2,332.0,1.42
2015-05-22,428.2,440.0,416.0,433.85,433.8,1378.0,6.01
2015-05-25,419.75,448.95,419.75,432.5,436.2,1534.0,6.74
2015-05-26,441.9,441.9,420.0,420.0,420.0,102.0,0.44
2015-05-27,425.0,425.0,405.0,405.0,412.45,737.0,3.08
2015-05-28,435.8,437.9,402.75,420.0,419.1,2617.0,11.07
2015-05-29,432.0,432.0,401.55,415.0,414.8,2585.0,10.71
2015-06-01,401.65,431.45,401.65,425.0,423.35,446.0,1.87
2015-06-02,412.15,415.0,408.0,411.5,411.5,676.0,2.78
2015-06-03,401.5,408.0,390.0,391.25,391.4,946.0,3.75
2015-06-04,399.65,400.0,381.0,395.0,394.5,1260.0,4.97
2015-06-05,389.05,389.15,373.5,373.5,375.2,2208.0,8.39
2015-06-08,382.0,398.45,359.95,362.0,364.75,6147.0,22.6
2015-06-09,379.75,379.75,313.7,350.0,344.85,5333.0,18.31
2015-06-10,340.0,359.5,340.0,354.0,349.4,2396.0,8.4
2015-06-11,343.0,409.75,332.1,409.75,380.6,7642.0,26.87
2015-06-12,352.4,379.8,352.4,360.0,360.2,3450.0,12.48
2015-06-15,351.75,399.5,347.95,350.0,351.05,2324.0,8.25
2015-06-16,352.0,380.0,345.0,345.0,347.35,12107.0,42.63
2015-06-17,350.0,355.0,347.0,350.0,350.0,23193.0,81.18
2015-06-18,351.0,351.0,345.65,350.0,349.65,1196.0,4.17
2015-06-19,350.0,358.0,345.0,345.0,345.05,5601.0,19.36
2015-06-22,346.0,349.95,331.6,332.0,334.55,6304.0,21.34
2015-06-23,344.9,344.9,336.0,340.05,339.55,2708.0,9.2
2015-06-24,340.0,348.0,335.0,335.0,335.45,1630.0,5.57
2015-06-25,338.05,340.0,330.1,335.0,335.05,5357.0,18.08
2015-06-26,339.95,340.0,332.5,332.5,333.7,2289.0,7.73
2015-06-29,314.0,334.7,314.0,320.0,322.8,5808.0,19.07
2015-06-30,330.0,343.0,310.0,319.0,316.2,3777.0,12.07
2015-07-01,310.0,328.9,310.0,313.35,312.6,2702.0,8.53
2015-07-02,313.05,319.9,303.2,315.0,316.75,7335.0,22.89
2015-07-03,324.95,333.75,320.0,329.0,328.95,2441.0,8.05
2015-07-06,325.0,350.0,311.5,311.5,315.1,14070.0,44.96
2015-07-07,314.7,320.0,309.95,313.0,312.5,14494.0,45.15
2015-07-08,310.0,310.0,299.0,304.1,308.45,8150.0,24.74
2015-07-09,309.0,333.0,300.0,315.0,314.9,14164.0,44.22
2015-07-10,320.0,376.0,318.0,340.0,333.4,34646.0,119.89
2015-07-13,334.85,368.0,334.85,345.0,350.9,29657.0,104.88
2015-07-14,356.0,383.0,345.0,354.75,353.1,203489.0,720.53
2015-07-15,350.0,360.0,321.4,330.0,331.6,23628.0,80.44
2015-07-16,331.0,338.9,323.1,324.0,325.3,13516.0,44.65
2015-07-17,320.5,330.0,320.5,329.9,324.65,12779.0,41.44
2015-07-20,329.0,337.8,323.0,333.35,331.95,13622.0,44.68
2015-07-21,332.0,342.0,326.0,330.0,329.75,4923.0,16.33
2015-07-22,328.1,335.0,312.0,328.5,329.05,22262.0,72.9
2015-07-23,334.0,341.1,327.05,336.0,336.0,6042.0,20.38
2015-07-24,342.0,342.0,325.0,331.0,333.6,5138.0,17.1
2015-07-27,331.0,346.2,324.5,326.0,329.1,2456.0,8.17
2015-07-28,330.0,339.8,330.0,330.0,333.8,2878.0,9.63
2015-07-29,338.0,340.0,322.0,335.0,336.8,10906.0,36.2
2015-07-30,338.0,353.85,337.0,338.1,339.7,7340.0,25.5
2015-07-31,348.0,357.7,345.05,351.0,352.65,11748.0,41.19
2015-08-03,360.0,375.0,359.0,369.0,367.05,12236.0,44.47
2015-08-04,367.1,407.0,360.0,405.0,403.3,37647.0,147.2
2015-08-05,411.0,419.0,403.0,403.1,405.25,16176.0,66.3
2015-08-06,402.6,406.0,390.05,394.85,391.75,3250.0,12.94
2015-08-07,385.0,389.95,375.05,387.95,386.15,2627.0,10.1
2015-08-10,390.0,397.65,385.0,389.0,389.3,1513.0,5.87
2015-08-11,385.05,387.0,375.0,382.0,380.5,2208.0,8.45
2015-08-12,375.55,380.0,370.0,375.0,374.15,12109.0,45.02
2015-08-13,374.95,383.9,367.0,375.0,375.0,14013.0,52.53
2015-08-14,375.05,380.95,375.0,375.0,375.0,8473.0,31.79
2015-08-17,387.95,390.0,368.0,380.0,378.25,970.0,3.73
2015-08-18,375.5,384.0,370.4,375.0,375.0,3190.0,11.98
2015-08-19,375.0,393.5,375.0,381.55,381.55,761.0,2.94
2015-08-20,375.05,380.0,374.0,377.0,379.25,2733.0,10.27
2015-08-21,355.0,380.0,347.7,375.0,378.2,4406.0,16.28
2015-08-24,355.0,372.0,351.7,360.0,359.55,12375.0,44.53
2015-08-25,360.0,400.0,330.0,360.05,368.15,7300.0,25.47
2015-08-26,368.0,373.0,350.0,370.0,368.3,3583.0,13.13
2015-08-27,370.05,378.9,365.45,370.0,372.85,2776.0,10.26
2015-08-28,376.95,377.0,360.0,360.0,361.25,3089.0,11.41
2015-08-31,360.0,385.0,360.0,375.0,375.0,3559.0,13.35
2015-09-01,363.75,380.0,362.55,378.0,375.75,4074.0,15.23
2015-09-02,375.0,377.9,361.55,375.0,375.25,5699.0,21.29
2015-09-03,375.0,380.0,375.0,375.0,377.65,3479.0,13.11
2015-09-04,365.1,376.2,365.1,373.0,371.85,2792.0,10.41
2015-09-07,365.5,373.45,358.0,362.85,358.6,1281.0,4.65
2015-09-08,355.35,358.95,347.35,355.0,356.05,1748.0,6.15
2015-09-09,355.5,373.0,355.5,369.1,367.95,445.0,1.63
2015-09-10,355.0,380.0,348.0,376.0,376.15,5024.0,18.63
2015-09-11,380.0,387.95,375.1,387.8,384.95,926.0,3.53
2015-09-14,387.0,396.75,378.15,396.75,391.05,982.0,3.82
2015-09-15,390.0,397.95,383.5,385.0,387.2,1585.0,6.23
2015-09-16,387.2,395.0,378.0,390.0,391.25,1215.0,4.71
2015-09-18,385.3,397.85,380.0,380.0,380.65,1632.0,6.3
2015-09-21,384.85,387.35,379.0,381.0,382.3,532.0,2.04
2015-09-22,397.0,401.4,380.05,400.0,400.0,5403.0,21.5
2015-09-23,398.95,399.0,390.0,397.8,396.05,1159.0,4.56
2015-09-24,400.0,404.95,398.0,398.0,399.95,2542.0,10.24
2015-09-28,406.0,414.0,401.6,414.0,408.8,1343.0,5.52
2015-09-29,398.05,409.3,391.8,391.8,395.9,1091.0,4.34
2015-09-30,390.05,394.75,363.7,390.0,390.05,2657.0,10.27
2015-10-01,394.0,399.5,393.95,394.0,394.0,2036.0,8.03
2015-10-05,415.0,415.0,362.0,390.0,397.1,2082.0,8.45
2015-10-06,397.05,405.0,391.9,391.9,391.9,300.0,1.2
2015-10-07,399.95,400.0,380.0,381.0,388.55,2136.0,8.29
2015-10-08,393.0,400.0,391.7,400.0,399.8,1273.0,5.08
2015-10-09,401.0,410.0,395.05,399.55,402.15,3355.0,13.59
2015-10-12,399.55,405.0,390.0,391.9,392.5,221.0,0.87
2015-10-13,405.0,415.0,403.55,410.0,410.0,1885.0,7.74
2015-10-14,413.9,414.0,405.35,406.0,407.6,669.0,2.75
2015-10-15,402.05,420.0,402.05,405.0,408.5,1407.0,5.8
2015-10-16,401.75,415.0,401.75,413.0,410.35,615.0,2.53
2015-10-19,412.0,419.7,402.2,419.7,416.75,1243.0,5.16
2015-10-20,410.0,421.0,403.65,410.0,412.75,1771.0,7.34
2015-10-21,410.0,430.0,402.2,429.65,426.1,1591.0,6.61
2015-10-23,424.95,425.0,398.0,408.0,411.8,1535.0,6.32
2015-10-26,419.9,424.0,403.7,406.1,409.0,1499.0,6.14
2015-10-27,408.0,422.5,403.0,420.0,416.65,858.0,3.5
2015-10-28,421.5,421.5,403.1,410.0,407.0,2336.0,9.57
2015-10-29,408.0,415.95,400.9,410.0,410.5,170.0,0.69
2015-10-30,415.0,420.05,405.0,405.0,405.55,2025.0,8.37
2015-11-02,414.95,421.0,406.0,420.0,420.55,2752.0,11.49
2015-11-03,413.0,425.0,401.05,420.0,420.2,1573.0,6.62
2015-11-04,418.0,449.0,405.0,409.5,414.4,25701.0,109.51
2015-11-05,416.0,420.0,408.0,408.0,408.0,1117.0,4.59
2015-11-06,410.0,424.95,406.0,410.0,413.65,4149.0,16.95
2015-11-09,410.0,413.9,408.0,413.9,413.3,201.0,0.83
2015-11-10,411.0,423.9,397.95,409.0,400.2,1615.0,6.63
2015-11-11,425.0,430.0,412.05,415.0,420.0,560.0,2.36
2015-11-13,413.0,421.9,402.95,403.25,405.45,989.0,4.04
2015-11-16,406.0,418.0,406.0,410.0,410.1,2177.0,8.94
2015-11-17,416.95,425.0,412.0,423.0,422.05,1440.0,6.06
2015-11-18,415.55,415.55,410.0,410.0,411.45,1641.0,6.77
2015-11-19,413.0,426.0,408.0,410.25,410.25,216.0,0.9
2015-11-20,413.0,427.9,408.0,420.0,419.95,1536.0,6.44
2015-11-23,413.0,440.0,413.0,431.0,433.6,1418.0,6.05
2015-11-24,433.6,446.0,430.0,430.0,439.3,890.0,3.89
2015-11-26,440.0,440.0,425.0,438.0,432.15,2520.0,10.87
2015-11-27,442.95,450.0,431.1,432.0,432.0,2046.0,8.94
2015-11-30,431.55,435.0,426.6,435.0,434.9,1164.0,5.01
2015-12-01,446.0,449.0,438.0,439.0,440.05,923.0,4.09
2015-12-02,439.0,482.0,436.0,460.0,456.65,6419.0,29.16
2015-12-03,453.0,465.0,452.95,455.3,458.7,2496.0,11.51
2015-12-04,448.05,499.7,448.0,480.0,484.45,3062.0,14.39
2015-12-07,484.45,524.0,484.45,512.0,512.95,4927.0,25.21
2015-12-08,520.0,549.0,504.5,534.0,532.3,4293.0,22.66
2015-12-09,535.0,558.0,511.0,519.9,515.45,9114.0,48.19
2015-12-10,455.5,536.0,455.5,535.8,522.8,2541.0,13.27
2015-12-11,513.5,537.9,513.5,530.8,529.35,3413.0,17.8
2015-12-14,513.3,535.0,513.3,516.55,517.2,1316.0,6.87
2015-12-15,536.0,542.0,515.0,520.0,528.45,2821.0,14.93
2015-12-16,514.0,544.9,514.0,525.0,526.2,1618.0,8.54
2015-12-17,530.0,530.0,525.05,525.25,528.55,838.0,4.43
2015-12-18,522.0,541.9,519.1,536.0,536.0,2268.0,12.14
2015-12-21,540.0,581.0,540.0,560.0,557.2,5187.0,29.03
2015-12-22,555.0,584.0,555.0,567.0,570.2,5054.0,29.23
2015-12-23,581.0,684.0,571.0,610.0,612.75,10108.0,62.3
2015-12-24,612.0,619.95,592.0,595.95,594.55,5771.0,35.08
2015-12-28,595.0,629.5,555.0,564.0,567.3,5441.0,32.37
2015-12-29,569.9,585.9,569.0,577.9,573.35,804.0,4.62
2015-12-30,586.0,589.95,561.0,562.0,563.55,3946.0,22.66
2015-12-31,586.0,606.0,561.0,565.1,570.35,3671.0,20.82
2016-01-01,565.1,627.0,565.1,627.0,617.6,2154.0,13.11
2016-01-04,615.0,615.0,592.2,599.0,604.1,2852.0,17.2
2016-01-05,599.0,600.0,592.15,599.0,599.0,5244.0,31.41
2016-01-06,598.0,600.0,575.6,580.0,580.4,1562.0,9.23
2016-01-07,579.0,584.95,562.05,570.0,570.2,2105.0,12.03
2016-01-08,571.0,600.0,565.0,599.0,595.2,1677.0,9.87
2016-01-11,593.0,598.95,583.0,594.0,588.05,1399.0,8.23
2016-01-12,588.0,630.0,588.0,630.0,627.35,3169.0,19.46
2016-01-13,630.0,644.95,575.0,614.0,599.1,3976.0,24.25
2016-01-14,600.0,609.95,581.0,586.1,596.2,5159.0,30.51
2016-01-15,599.8,599.8,570.55,571.1,572.2,2038.0,11.8
2016-01-18,560.15,562.0,539.9,560.0,555.9,2392.0,13.23
2016-01-19,564.0,599.0,550.2,599.0,596.65,4487.0,26.17
2016-01-20,593.0,593.0,552.05,556.95,556.25,1518.0,8.59
2016-01-21,570.0,572.0,556.0,557.0,557.0,2667.0,14.95
2016-01-22,591.0,598.95,560.0,565.0,572.9,10136.0,58.73
2016-01-25,585.0,591.75,572.0,572.0,573.65,4387.0,25.4
2016-01-27,580.2,580.2,559.0,565.0,571.05,6062.0,35.01
2016-01-28,569.0,584.0,555.0,557.0,557.3,7795.0,44.69
2016-01-29,541.0,563.0,541.0,545.0,556.75,4362.0,24.51
2016-02-01,565.6,565.6,534.1,541.0,538.05,10016.0,55.93
2016-02-02,541.85,563.9,530.0,535.0,532.9,902.0,4.89
2016-02-03,530.0,555.0,480.0,499.0,503.0,6692.0,36.35
2016-02-04,512.0,524.95,496.0,500.0,498.55,1489.0,7.46
2016-02-05,510.0,530.0,502.95,502.95,512.65,2849.0,14.58
2016-02-08,500.0,519.7,486.9,510.0,510.7,457.0,2.33
2016-02-09,504.9,530.0,504.9,515.05,520.55,666.0,3.47
2016-02-10,515.0,528.7,499.0,500.0,507.35,1535.0,7.89
2016-02-11,502.3,507.95,450.0,460.0,454.8,4225.0,20.16
2016-02-12,445.0,469.0,442.0,463.0,463.55,1688.0,7.62
2016-02-15,491.0,510.95,461.35,485.0,481.35,337.0,1.63
2016-02-16,515.45,515.45,470.0,470.0,475.85,1072.0,5.23
2016-02-17,453.4,498.85,453.4,482.2,482.2,259.0,1.26
2016-02-18,470.0,498.95,458.1,477.0,477.65,279.0,1.33
2016-02-19,475.0,482.0,460.0,460.0,463.75,283.0,1.34
2016-02-22,478.85,509.85,478.85,505.0,502.7,722.0,3.55
2016-02-23,490.15,490.15,482.0,482.0,483.1,56.0,0.27
2016-02-24,484.95,493.0,484.95,485.0,485.0,816.0,3.97
2016-02-25,509.0,509.0,444.05,464.9,459.05,2712.0,12.51
2016-02-26,479.0,488.0,458.0,464.55,465.55,3863.0,17.94
2016-02-29,464.55,494.4,464.55,492.85,492.25,1431.0,6.97
2016-03-01,490.0,516.0,468.5,516.0,512.55,1436.0,7.09
2016-03-02,515.0,515.0,501.0,501.0,503.0,2671.0,13.59
2016-03-03,495.2,510.0,495.15,509.0,509.0,361.0,1.82
2016-03-04,510.0,519.0,481.7,487.0,489.75,973.0,4.81
2016-03-08,529.85,529.85,461.0,473.95,473.7,1866.0,9.07
2016-03-09,486.0,494.0,476.0,485.0,484.75,1094.0,5.3
2016-03-10,481.0,485.0,480.0,485.0,484.95,1050.0,5.08
2016-03-11,490.0,490.0,475.0,476.1,475.45,1167.0,5.57
2016-03-14,486.0,486.0,475.0,485.85,478.45,4845.0,23.15
2016-03-15,486.0,496.0,470.5,479.75,478.2,4651.0,22.23
2016-03-16,482.0,488.0,482.0,488.0,488.0,142.0,0.69
2016-03-17,490.0,497.95,481.0,490.5,487.0,5198.0,25.38
2016-03-18,510.0,510.0,482.15,494.9,485.95,1311.0,6.37
2016-03-21,496.0,505.5,471.05,499.0,490.05,2289.0,11.27
2016-03-22,486.7,499.0,475.0,475.0,480.5,2623.0,12.78
2016-03-23,482.0,494.9,480.0,480.0,480.15,518.0,2.5
2016-03-28,481.0,490.0,478.0,490.0,484.55,5147.0,24.72
2016-03-29,496.0,500.0,482.05,490.5,493.3,1461.0,7.21
2016-03-30,500.0,504.95,475.0,475.0,478.2,869.0,4.24
2016-03-31,481.1,505.0,481.1,505.0,497.9,970.0,4.8
2016-04-01,499.85,539.0,495.0,519.15,523.8,64461.0,320.64
2016-04-04,530.0,550.0,530.0,549.95,549.75,2274.0,12.35
2016-04-05,549.45,579.85,543.5,579.85,572.45,1534.0,8.63
2016-04-06,573.0,589.0,545.0,545.0,558.65,2560.0,14.55
2016-04-07,550.0,580.0,539.9,580.0,575.6,1082.0,6.18
2016-04-08,570.0,580.0,564.5,568.0,566.2,2315.0,13.2
2016-04-11,550.9,579.8,540.0,563.0,561.8,869.0,4.89
2016-04-12,579.8,579.9,559.25,575.0,564.45,1680.0,9.46
2016-04-13,579.95,579.95,565.0,578.9,578.55,1230.0,7.07
2016-04-18,578.9,619.85,548.0,590.0,606.65,3681.0,21.58
2016-04-20,568.0,610.0,558.0,596.0,597.0,1133.0,6.75
2016-04-21,590.05,605.9,590.0,605.9,603.35,251.0,1.5
2016-04-22,604.0,604.0,590.15,600.0,598.0,732.0,4.36
2016-04-25,599.95,599.95,581.5,599.0,596.3,1326.0,7.81
2016-04-26,588.0,605.95,582.3,595.65,594.7,1064.0,6.33
2016-04-27,590.0,607.0,586.25,590.0,590.7,800.0,4.76
2016-04-28,594.95,595.0,585.35,594.0,593.45,353.0,2.09
2016-04-29,585.0,607.0,585.0,605.0,602.45,4284.0,25.57
2016-05-02,598.5,621.0,590.05,621.0,618.3,1361.0,8.36
2016-05-03,620.35,621.0,585.0,592.9,593.2,2447.0,14.96
2016-05-04,578.0,616.0,578.0,614.9,610.95,1190.0,7.19
2016-05-05,583.0,620.0,583.0,584.0,590.9,2057.0,12.41
2016-05-06,605.0,615.0,603.0,609.0,603.15,690.0,4.21
2016-05-09,619.0,619.0,602.0,602.0,602.0,762.0,4.68
2016-05-10,602.0,615.95,600.0,600.0,600.3,548.0,3.31
2016-05-11,610.0,610.0,600.0,608.0,605.35,1534.0,9.26
2016-05-12,602.7,614.95,597.25,602.0,602.5,423.0,2.56
2016-05-13,617.6,620.0,602.5,619.75,616.8,1169.0,7.2
2016-05-16,600.05,615.0,595.0,595.0,599.25,490.0,2.97
2016-05-17,605.0,619.85,602.05,614.0,608.85,1056.0,6.45
2016-05-18,615.0,618.75,595.0,613.0,612.8,552.0,3.36
2016-05-19,600.0,614.55,594.0,594.0,598.55,252.0,1.52
2016-05-20,600.0,610.0,592.0,592.0,592.0,198.0,1.19
2016-05-23,610.0,619.0,596.5,615.0,616.15,1183.0,7.25
2016-05-24,617.95,621.0,610.0,616.0,615.1,1928.0,11.86
2016-05-25,611.0,612.0,588.0,588.0,595.5,759.0,4.55
2016-05-26,610.0,645.0,593.0,637.0,633.45,2924.0,18.21
2016-05-27,635.0,635.0,625.5,630.0,630.0,526.0,3.31
2016-05-30,645.0,651.0,609.0,609.0,611.25,5470.0,34.71
2016-05-31,627.95,645.0,611.05,616.0,615.75,1394.0,8.67
2016-06-01,617.0,634.6,610.05,633.7,623.4,1296.0,8.05
2016-06-02,638.95,638.95,620.5,629.9,626.75,703.0,4.42
2016-06-03,630.0,630.0,617.4,619.75,619.75,2259.0,14.05
2016-06-06,635.4,635.5,594.35,600.0,599.95,3760.0,22.71
2016-06-07,619.9,629.95,606.0,612.0,612.35,576.0,3.56
2016-06-08,620.0,640.0,610.0,629.85,619.05,6562.0,41.15
2016-06-09,618.0,640.0,613.75,639.5,639.1,1543.0,9.7
2016-06-10,622.05,645.0,612.55,623.6,629.05,4823.0,29.97
2016-06-13,625.0,635.9,605.55,617.9,628.4,1263.0,7.91
2016-06-14,621.0,642.05,612.9,613.0,615.45,1867.0,11.66
2016-06-15,631.95,679.9,629.1,667.95,657.75,9008.0,58.74
2016-06-16,647.5,658.95,629.0,629.2,633.35,4007.0,25.53
2016-06-17,635.1,648.85,625.0,625.0,625.7,1513.0,9.55
2016-06-20,625.25,649.95,625.25,649.0,643.75,1512.0,9.65
2016-06-21,649.95,650.0,623.05,629.0,629.55,2701.0,17.05
2016-06-22,623.5,639.8,623.0,632.5,633.75,298.0,1.88
2016-06-23,640.0,650.0,611.9,616.0,615.8,5896.0,36.75
2016-06-24,611.0,660.0,600.0,657.0,647.7,7514.0,48.13
2016-06-27,645.0,655.0,620.0,620.0,625.6,2613.0,16.7
2016-06-28,620.0,620.0,600.0,604.0,605.4,7399.0,44.93
2016-06-29,620.0,625.0,610.0,610.0,612.8,1708.0,10.56
2016-06-30,606.65,622.0,606.65,615.2,618.25,1587.0,9.82
2016-07-01,627.0,644.95,620.05,636.5,630.3,3558.0,22.42
2016-07-04,624.0,630.05,611.25,627.0,627.0,1807.0,11.3
2016-07-05,626.95,630.0,615.0,627.5,625.25,2899.0,18.1
2016-07-07,620.1,636.5,620.05,625.0,625.05,1342.0,8.46
2016-07-08,615.15,665.8,615.15,650.0,650.9,11385.0,73.62
2016-07-11,660.85,665.0,653.9,656.0,658.0,2129.0,14.05
2016-07-12,651.4,669.7,641.0,641.0,646.95,3436.0,22.65
2016-07-13,638.0,650.0,623.0,635.0,635.2,3152.0,20.03
2016-07-14,635.2,647.05,633.05,635.0,635.15,9575.0,61.67
2016-07-15,649.0,720.0,645.0,656.8,654.9,24861.0,166.33
2016-07-18,657.9,718.0,651.9,655.0,658.55,6063.0,40.59
2016-07-19,651.95,667.0,647.0,655.0,654.8,1315.0,8.6
2016-07-20,670.0,694.5,648.0,690.0,685.45,5377.0,36.27
2016-07-21,724.0,724.0,670.05,671.2,674.5,576.0,3.9
2016-07-22,667.5,700.0,667.5,700.0,697.5,577.0,3.99
2016-07-25,699.95,741.3,698.95,738.0,717.35,6881.0,49.22
2016-07-26,730.0,741.3,700.05,700.5,701.55,9706.0,69.04
2016-07-27,707.05,802.95,683.5,735.15,738.85,136131.0,1002.97
2016-07-28,738.0,753.95,720.0,742.6,740.15,11847.0,87.85
2016-07-29,764.95,765.0,732.75,733.0,737.1,1966.0,14.5
2016-08-01,744.5,755.25,723.0,733.35,735.45,1911.0,14.18
2016-08-02,749.5,749.5,717.95,734.95,735.6,5277.0,38.77
2016-08-03,725.05,744.9,725.05,744.0,742.45,1718.0,12.62
2016-08-04,752.85,753.0,732.55,750.0,748.55,3208.0,23.92
2016-08-05,749.95,750.05,742.0,747.5,743.95,1892.0,14.14
2016-08-08,745.0,750.0,735.2,749.9,749.55,3787.0,28.11
2016-08-09,745.05,748.0,740.0,740.0,740.15,1259.0,9.36
2016-08-10,738.0,740.65,702.1,719.2,717.45,2598.0,18.88
2016-08-11,721.0,747.45,714.0,720.0,720.25,1707.0,12.38
2016-08-12,720.05,742.95,710.5,712.0,719.35,1405.0,10.17
2016-08-16,715.05,725.65,715.0,716.35,718.6,596.0,4.28
2016-08-17,716.5,730.0,709.9,715.0,715.0,3816.0,27.27
2016-08-18,716.05,729.0,701.25,725.0,723.85,53491.0,382.38
2016-08-19,717.0,724.0,705.1,713.0,716.25,549.0,3.92
2016-08-22,707.55,719.8,705.1,710.0,712.0,562.0,3.98
2016-08-23,720.0,728.0,691.55,695.0,695.6,1286.0,9.05
2016-08-24,719.95,719.95,700.0,703.2,704.95,212.0,1.51
2016-08-25,704.0,715.05,692.85,710.0,708.65,437.0,3.09
2016-08-26,719.0,720.0,694.0,713.0,713.0,258.0,1.83
2016-08-29,698.0,700.0,690.6,700.0,700.0,511.0,3.56
2016-08-30,709.95,717.0,687.95,700.0,703.5,776.0,5.43
2016-08-31,711.75,712.0,660.2,684.7,679.65,1933.0,13.27
2016-09-01,679.65,704.85,679.65,695.0,690.25,788.0,5.48
2016-09-02,680.0,710.0,680.0,700.0,701.35,1148.0,7.98
2016-09-06,710.0,710.0,685.0,700.0,691.55,217.0,1.52
2016-09-07,688.0,705.0,685.0,700.0,700.9,821.0,5.74
2016-09-08,695.25,708.5,695.25,700.0,700.0,1665.0,11.77
2016-09-09,688.0,718.5,688.0,717.0,717.0,4576.0,32.15
2016-09-12,703.0,730.0,695.05,728.0,720.9,1973.0,14.16
2016-09-14,700.1,727.45,700.1,710.0,714.55,1090.0,7.8
2016-09-15,715.0,735.0,700.5,727.0,731.15,2266.0,16.27
2016-09-16,727.0,730.0,721.7,722.1,723.35,323.0,2.34
2016-09-19,711.15,747.0,711.15,720.0,721.95,568.0,4.12
2016-09-20,744.7,744.7,700.0,700.0,703.5,1927.0,13.71
2016-09-21,715.0,723.0,714.5,720.0,720.15,297.0,2.13
2016-09-22,720.0,734.9,712.65,722.0,727.8,2040.0,14.72
2016-09-23,706.05,734.85,700.05,720.0,720.2,277.0,1.99
2016-09-26,715.05,733.2,715.0,729.0,725.95,755.0,5.44
2016-09-27,728.0,734.0,728.0,728.0,728.0,842.0,6.15
2016-09-28,725.0,773.95,725.0,770.0,749.55,723.0,5.37
2016-09-29,754.95,754.95,728.0,744.95,737.3,63143.0,464.61
2016-09-30,728.0,735.0,728.0,728.0,734.75,799.0,5.83
2016-10-03,730.0,732.95,728.0,728.0,728.0,694.0,5.06
2016-10-04,728.0,760.0,710.0,755.1,755.0,1654.0,12.32
2016-10-05,755.0,772.0,745.0,768.9,765.25,2642.0,20.05
2016-10-06,771.95,799.75,760.5,798.0,793.6,2125.0,16.68
2016-10-07,799.5,800.0,780.0,780.0,787.0,884.0,7.01
2016-10-10,780.0,796.3,775.0,775.0,783.4,622.0,4.86
2016-10-13,785.0,798.0,772.0,790.0,786.1,1435.0,11.19
2016-10-14,781.05,851.0,781.05,822.6,843.85,3109.0,25.49
2016-10-17,843.85,860.0,818.05,860.0,848.95,944.0,7.91
2016-10-18,860.0,860.0,784.85,800.25,800.0,17743.0,144.12
2016-10-19,800.0,810.0,751.25,760.0,758.7,11667.0,89.22
2016-10-20,759.75,761.9,725.55,737.75,733.7,3820.0,28.56
2016-10-21,742.0,776.0,727.0,727.0,729.3,5507.0,41.38
2016-10-24,743.0,750.0,716.0,725.0,731.9,3495.0,25.48
2016-10-25,739.45,740.0,717.1,736.0,734.95,752.0,5.52
2016-10-26,731.0,747.0,712.2,712.2,716.45,2508.0,18.26
2016-10-27,710.05,735.0,710.0,735.0,734.8,566.0,4.12
2016-10-28,715.5,732.0,708.15,725.0,722.0,3816.0,27.5
2016-10-30,750.0,780.0,713.0,745.0,747.85,499.0,3.73
2016-11-01,744.0,764.5,741.0,742.0,745.95,2741.0,20.48
2016-11-02,722.1,738.0,721.2,721.2,723.45,631.0,4.6
2016-11-03,723.0,747.95,720.0,720.0,721.05,228.0,1.65
2016-11-04,721.0,721.0,701.0,701.0,707.9,823.0,5.82
2016-11-07,720.0,730.0,708.0,708.0,712.0,417.0,2.98
2016-11-08,701.55,719.6,695.5,714.0,714.0,961.0,6.81
2016-11-09,676.0,738.0,676.0,732.0,726.8,121386.0,849.66
2016-11-10,742.5,761.0,710.0,710.0,712.0,1038.0,7.52
2016-11-11,710.8,737.7,700.0,722.8,720.75,100993.0,707.14
2016-11-15,700.0,710.0,600.0,610.0,607.05,3288.0,20.88
2016-11-16,612.55,633.85,612.55,620.0,620.5,24321.0,150.65
2016-11-17,620.5,620.5,596.0,605.0,605.0,937.0,5.67
2016-11-18,614.35,625.0,601.0,601.0,603.75,847.0,5.18
2016-11-21,609.9,624.9,588.2,598.0,597.5,1598.0,9.57
2016-11-22,615.65,620.0,610.0,618.0,615.95,5392.0,33.38
2016-11-23,604.1,634.25,597.5,620.0,620.8,3228.0,20.03
2016-11-24,625.0,674.9,625.0,660.0,663.1,1556.0,10.14
2016-11-25,663.0,663.0,645.0,660.0,654.05,373.0,2.45
2016-11-28,641.0,673.0,641.0,670.0,670.0,402.0,2.67
2016-11-29,670.0,694.0,664.0,678.0,677.15,410.0,2.76
2016-11-30,677.0,681.95,651.0,651.0,657.85,230.0,1.55
2016-12-01,677.6,715.95,652.85,676.95,686.1,1668.0,11.51
2016-12-02,658.7,709.9,651.1,708.8,700.35,1424.0,9.72
2016-12-05,700.0,725.0,673.0,682.0,678.65,1043.0,7.17
2016-12-06,662.0,697.0,662.0,666.0,668.6,352.0,2.4
2016-12-07,679.95,679.95,635.0,639.95,638.3,3563.0,23.07
2016-12-08,650.0,650.0,642.8,642.8,643.0,592.0,3.82
2016-12-09,642.8,645.0,620.5,633.05,643.95,1715.0,11.0
2016-12-12,644.45,645.0,625.0,645.0,644.2,597.0,3.79
2016-12-13,624.9,639.9,619.0,630.05,630.15,476.0,3.01
2016-12-14,626.0,645.0,620.0,645.0,639.4,766.0,4.9
2016-12-15,644.95,645.0,631.55,643.4,643.4,225.0,1.44
2016-12-16,630.5,630.5,601.0,601.0,607.6,1853.0,11.36
2016-12-19,609.0,638.5,609.0,627.0,625.85,1210.0,7.56
2016-12-20,643.0,644.6,600.0,600.05,609.0,1110.0,6.83
2016-12-21,615.0,620.0,601.05,620.0,612.7,436.0,2.68
2016-12-22,595.0,629.5,590.0,595.0,594.8,1307.0,7.79
2016-12-23,595.0,599.85,577.55,579.6,580.7,1348.0,7.96
2016-12-26,561.55,615.0,561.55,610.0,606.9,1766.0,10.47
2016-12-27,600.0,624.95,600.0,605.0,605.7,35.0,0.21
2016-12-28,619.95,630.0,590.55,590.55,597.4,764.0,4.62
2016-12-29,609.5,609.5,602.1,603.0,602.75,251.0,1.51
2016-12-30,620.0,638.9,589.0,609.8,596.1,2490.0,15.21
2017-01-02,614.0,625.0,590.0,624.9,623.7,865.0,5.28
2017-01-03,624.9,638.0,609.0,638.0,636.8,591.0,3.72
2017-01-04,638.0,650.0,603.0,610.0,610.3,1861.0,11.38
2017-01-05,610.0,627.0,600.0,625.0,624.8,2850.0,17.37
2017-01-06,608.0,629.0,601.5,624.5,624.5,843.0,5.17
2017-01-09,638.0,638.0,611.05,623.0,623.0,501.0,3.11
2017-01-10,604.3,631.85,602.0,610.0,614.55,201.0,1.24
2017-01-11,615.0,624.5,610.55,615.0,615.0,1030.0,6.34
2017-01-12,623.95,627.9,615.0,615.0,615.0,518.0,3.21
2017-01-13,611.25,624.95,611.25,614.5,616.0,175.0,1.07
2017-01-16,614.5,620.0,606.0,619.9,616.55,1057.0,6.48
2017-01-17,623.0,627.0,618.05,627.0,627.0,899.0,5.59
2017-01-18,623.0,629.85,622.95,629.0,629.0,1818.0,11.37
2017-01-19,625.0,627.85,620.0,622.5,622.5,1002.0,6.25
2017-01-20,620.0,628.0,620.0,625.0,625.0,590.0,3.68
2017-01-23,620.0,637.95,617.75,633.0,626.45,1943.0,12.12
2017-01-24,631.95,641.4,626.0,630.0,627.7,371.0,2.36
2017-01-25,625.0,639.0,620.5,639.0,630.4,9097.0,56.86
2017-01-27,639.0,651.0,631.7,644.0,643.8,716.0,4.62
2017-01-30,646.0,649.95,635.0,643.0,647.3,383.0,2.45
2017-01-31,628.0,640.05,628.0,629.0,630.8,1538.0,9.82
2017-02-01,615.05,645.0,615.0,632.0,633.85,1495.0,9.4
2017-02-02,627.6,649.4,627.6,640.15,640.15,980.0,6.23
2017-02-03,647.0,699.0,637.0,699.0,680.25,8814.0,57.7
2017-02-06,688.0,688.0,660.0,670.0,669.7,1959.0,13.11
2017-02-07,674.5,674.5,641.05,669.0,661.9,6860.0,45.2
2017-02-08,678.95,678.95,650.0,664.9,660.6,8735.0,57.58
2017-02-09,664.95,665.0,650.0,664.85,655.9,1921.0,12.62
2017-02-10,655.0,667.9,629.9,664.0,662.9,5458.0,35.32
2017-02-13,651.05,674.0,650.0,673.0,670.95,1355.0,8.94
2017-02-14,651.0,675.0,651.0,675.0,668.6,1256.0,8.37
2017-02-15,675.0,679.0,651.2,652.5,652.55,1073.0,7.16
2017-02-16,672.1,674.0,659.95,667.0,672.05,714.0,4.79
2017-02-17,685.0,685.0,665.0,670.0,669.6,627.0,4.21
2017-02-20,670.0,680.0,670.0,674.95,671.25,669.0,4.52
2017-02-21,674.6,680.0,670.0,672.0,676.65,433.0,2.92
2017-02-22,657.1,675.05,657.1,657.15,660.9,38.0,0.25
2017-02-23,650.05,680.0,645.0,645.0,647.0,9227.0,59.92
2017-02-27,642.1,672.8,629.05,630.0,637.75,3382.0,21.84
2017-02-28,647.95,647.95,630.0,630.0,630.15,401.0,2.54
2017-03-01,630.45,668.0,630.4,650.0,649.85,2038.0,13.32
2017-03-02,669.3,669.3,649.0,649.0,649.85,138.0,0.9
2017-03-03,658.5,658.7,628.0,630.0,632.5,4058.0,25.69
2017-03-06,649.9,652.5,640.0,652.5,648.85,520.0,3.37
2017-03-07,667.95,667.95,640.05,649.0,646.4,358.0,2.31
2017-03-08,655.0,655.0,633.0,635.0,637.45,571.0,3.67
2017-03-09,649.85,654.0,640.0,654.0,650.2,498.0,3.22
2017-03-10,645.05,649.0,635.0,635.0,639.2,359.0,2.31
2017-03-14,650.0,655.0,612.0,650.0,647.7,16354.0,103.56
2017-03-15,664.95,664.95,637.0,654.5,653.3,538.0,3.5
2017-03-16,661.95,662.5,651.35,651.5,654.1,748.0,4.93
2017-03-17,655.0,669.0,654.15,656.0,660.05,303.0,2.0
2017-03-20,642.15,663.85,642.0,661.9,659.75,552.0,3.58
2017-03-21,679.5,686.0,641.05,650.0,650.6,414.0,2.71
2017-03-22,670.05,670.05,645.0,649.9,650.75,1445.0,9.42
2017-03-23,657.95,664.95,645.35,646.0,646.8,1035.0,6.73
2017-03-24,659.95,659.95,641.45,650.0,649.95,366.0,2.37
2017-03-27,616.0,653.0,616.0,650.0,650.0,2493.0,16.16
2017-03-28,664.25,664.25,640.3,640.3,647.2,1329.0,8.63
2017-03-29,650.0,655.95,645.0,654.95,652.95,1027.0,6.68
2017-03-30,666.0,677.0,650.05,658.0,657.15,785.0,5.16
2017-03-31,669.8,669.8,650.0,658.0,658.0,745.0,4.9
2017-04-03,652.5,701.9,652.5,679.0,675.75,2506.0,17.01
2017-04-05,689.0,690.0,665.0,680.0,688.75,1013.0,6.94
2017-04-06,699.95,699.95,661.0,661.0,664.65,1312.0,8.88
2017-04-07,684.6,695.0,651.0,665.0,670.35,384.0,2.6
2017-04-10,690.5,699.5,671.05,680.0,678.05,351.0,2.38
2017-04-11,680.0,700.0,652.3,671.05,677.55,2811.0,19.15
2017-04-12,684.45,684.45,671.0,682.0,680.25,907.0,6.16
2017-04-13,689.75,689.75,666.0,666.0,672.25,1401.0,9.57
2017-04-17,686.55,686.55,662.0,680.0,675.65,1464.0,9.92
2017-04-18,684.0,687.0,650.0,670.0,669.8,1424.0,9.52
2017-04-19,673.85,678.0,660.1,660.1,660.4,463.0,3.09
2017-04-20,674.0,680.0,654.0,654.0,660.05,984.0,6.52
2017-04-21,658.0,684.8,658.0,662.0,661.95,799.0,5.39
2017-04-24,672.0,717.85,650.0,664.0,669.7,2135.0,14.68
2017-04-25,665.0,695.0,665.0,684.0,683.6,1172.0,8.04
2017-04-26,695.9,700.0,666.0,680.0,680.95,2185.0,14.79
2017-04-27,681.0,690.0,669.0,680.0,681.05,2235.0,15.13
2017-04-28,686.8,690.0,666.0,677.5,674.6,748.0,5.09
2017-05-02,689.5,689.5,661.0,670.25,676.6,1254.0,8.45
2017-05-03,670.35,676.9,661.1,661.1,662.0,783.0,5.22
2017-05-04,674.7,674.7,650.0,657.4,653.65,1071.0,7.02
2017-05-05,653.0,669.0,639.0,639.0,642.65,1822.0,11.79
2017-05-08,640.0,655.0,637.65,638.1,645.35,540.0,3.47
2017-05-09,654.0,654.0,630.0,643.0,641.05,4803.0,30.95
2017-05-10,640.0,656.0,640.0,642.0,642.0,5425.0,35.15
2017-05-11,638.05,660.0,638.05,652.8,652.45,1117.0,7.3
2017-05-12,652.8,662.0,643.5,655.0,650.9,9694.0,63.23
2017-05-15,650.0,698.8,650.0,663.4,664.7,3670.0,24.79
2017-05-16,675.0,687.0,655.0,655.0,660.3,1238.0,8.28
2017-05-17,655.5,674.0,655.5,662.0,665.65,464.0,3.1
2017-05-18,650.2,669.0,650.05,668.0,667.3,1265.0,8.41
2017-05-19,674.0,692.0,650.0,668.0,665.1,6957.0,45.78
2017-05-22,668.0,693.9,668.0,685.0,682.15,2253.0,15.43
2017-05-23,694.0,756.95,693.9,730.0,728.35,18541.0,134.6
2017-05-24,731.15,739.0,723.0,729.0,724.3,27104.0,197.26
2017-05-25,724.0,740.0,722.0,722.5,730.2,80226.0,582.7
2017-05-26,740.0,786.0,739.95,768.0,776.85,75363.0,578.38
2017-05-29,780.0,780.0,730.5,775.0,774.95,12089.0,92.22
2017-05-30,767.2,780.0,736.45,775.0,765.15,4396.0,33.3
2017-05-31,786.0,799.0,743.0,765.05,770.9,1910.0,14.58
2017-06-01,774.0,790.0,750.05,780.5,786.1,6441.0,49.89
2017-06-02,772.05,829.4,772.0,829.4,816.0,9050.0,73.44
2017-06-05,804.6,850.0,791.5,848.0,846.85,10034.0,83.21
2017-06-06,829.9,856.2,822.0,845.1,846.8,3319.0,27.81
2017-06-07,829.9,860.0,829.9,851.0,844.4,3024.0,25.52
2017-06-08,842.5,923.9,842.5,862.0,869.45,17722.0,158.29
2017-06-09,876.0,894.0,842.4,879.0,871.65,7915.0,68.86
2017-06-12,879.25,891.85,848.0,891.0,889.45,26761.0,232.33
2017-06-13,885.0,885.05,850.0,850.0,854.25,2303.0,19.88
2017-06-14,852.0,859.95,821.0,823.0,828.3,2715.0,22.7
2017-06-15,832.4,835.05,799.05,803.0,802.55,3058.0,24.8
2017-06-16,788.0,812.8,786.05,808.0,803.65,2682.0,21.6
2017-06-19,795.0,841.65,782.0,839.7,838.35,6812.0,55.91
2017-06-20,845.0,845.0,804.85,805.35,813.25,1784.0,14.65
2017-06-21,805.0,880.0,805.0,860.0,854.65,10227.0,86.81
2017-06-22,846.0,885.0,843.0,855.0,855.0,6774.0,58.25
2017-06-23,860.0,862.0,825.0,825.05,831.35,926.0,7.86
2017-06-27,821.9,824.2,802.05,805.5,804.7,757.0,6.12
2017-06-28,821.0,821.0,797.6,808.0,803.9,1228.0,9.9
2017-06-29,828.0,834.5,801.0,801.0,804.85,385.0,3.14
2017-06-30,828.9,836.0,800.3,830.0,824.15,390.0,3.17
2017-07-03,815.1,849.9,815.05,848.0,848.45,1311.0,10.93
2017-07-04,850.0,894.0,849.15,866.0,860.45,4552.0,39.2
2017-07-05,840.65,896.0,840.0,872.0,892.95,3357.0,29.48
2017-07-06,880.0,905.0,862.0,880.0,875.0,5754.0,51.04
2017-07-07,885.7,919.85,862.4,909.0,904.4,1679.0,14.97
2017-07-10,1003.9,1067.2,880.0,912.3,914.45,425.0,4.0
2017-07-11,940.0,959.0,926.0,934.0,937.5,1560.0,14.75
2017-07-12,940.0,958.0,913.35,949.9,936.5,1477.0,13.84
2017-07-13,937.05,974.95,917.1,931.35,937.65,3336.0,31.49
2017-07-14,952.05,975.0,934.0,941.65,947.3,1736.0,16.58
2017-07-17,927.0,975.0,926.05,940.0,941.6,1007.0,9.58
2017-07-18,950.0,950.0,914.0,914.0,920.1,1377.0,12.84
2017-07-19,927.0,928.95,915.0,915.0,916.65,602.0,5.54
2017-07-20,935.0,969.7,925.0,935.1,935.9,1241.0,11.6
2017-07-21,948.95,950.0,929.0,929.0,933.55,656.0,6.16
2017-07-24,950.0,964.0,921.05,940.0,931.15,1437.0,13.57
2017-07-25,948.8,950.0,928.2,948.0,946.55,10998.0,103.85
2017-07-26,940.5,953.9,923.05,937.9,931.65,2046.0,19.12
2017-07-27,930.0,955.05,930.0,931.35,936.95,1740.0,16.45
2017-07-28,927.0,933.7,901.5,901.5,905.05,1560.0,14.24
2017-07-31,906.0,911.0,900.0,900.0,900.25,485.0,4.38
2017-08-01,895.15,917.95,895.0,902.0,902.3,1044.0,9.42
2017-08-02,902.55,919.85,900.0,903.0,905.0,1662.0,15.01
2017-08-03,903.0,919.8,895.0,895.0,895.05,941.0,8.51
2017-08-04,896.05,909.4,884.0,884.0,889.95,1093.0,9.69
2017-08-07,892.1,950.0,892.05,939.0,935.1,1614.0,14.84
2017-08-08,930.0,941.0,900.0,900.0,900.0,767.0,7.01
2017-08-09,905.0,926.85,855.5,860.0,877.7,2346.0,20.87
2017-08-10,866.1,889.05,790.0,790.3,806.45,2766.0,23.31
2017-08-11,806.45,878.95,775.0,830.0,828.7,2787.0,22.68
2017-08-14,831.0,884.2,831.0,875.0,875.0,619.0,5.33
2017-08-16,892.95,919.0,858.1,870.0,872.45,1131.0,10.06
2017-08-17,870.0,895.0,850.0,860.0,859.8,3649.0,31.75
2017-08-18,869.95,877.7,860.0,868.0,871.15,873.0,7.6
2017-08-21,870.0,904.4,869.0,896.5,885.05,1493.0,13.33
2017-08-22,890.0,904.05,872.0,900.0,900.0,4853.0,43.6
2017-08-23,900.0,900.0,882.1,882.1,888.45,342.0,3.06
2017-08-24,899.9,906.8,880.3,896.0,896.0,718.0,6.45
2017-08-28,908.6,908.65,882.35,899.5,893.65,624.0,5.6
2017-08-29,902.95,902.95,883.0,898.15,890.45,229.0,2.04
2017-08-30,882.35,900.0,867.0,882.0,893.3,763.0,6.79
2017-08-31,899.9,909.05,882.55,908.0,903.4,4956.0,44.75
2017-09-01,905.0,910.0,885.45,893.5,896.1,6412.0,57.92
2017-09-04,900.0,904.95,890.0,900.0,899.9,8611.0,77.4
2017-09-05,905.0,950.0,900.0,945.0,944.65,51884.0,484.61
2017-09-06,953.0,975.5,904.0,943.0,944.9,2524.0,23.43
2017-09-07,930.0,955.0,916.0,933.0,939.95,3038.0,28.41
2017-09-08,953.95,953.95,890.0,890.0,899.6,3019.0,27.59
2017-09-11,895.0,920.6,894.0,917.0,916.1,4482.0,40.91
2017-09-12,910.95,925.25,909.95,910.1,924.65,762.0,7.01
2017-09-13,920.5,930.0,901.05,930.0,921.8,1691.0,15.55
2017-09-14,905.05,955.0,905.05,935.3,946.55,1058.0,9.93
2017-09-15,930.7,946.0,915.0,943.0,944.2,7014.0,65.44
2017-09-18,949.95,950.05,926.75,930.0,930.0,742.0,6.92
2017-09-19,957.9,960.0,882.35,936.0,930.55,1413.0,13.12
2017-09-20,958.45,965.0,910.0,910.0,911.55,1050.0,9.72
2017-09-21,929.4,929.4,895.0,918.0,919.45,631.0,5.77
2017-09-22,924.95,924.95,868.9,880.0,880.95,5288.0,47.72
2017-09-25,865.0,889.95,845.0,889.9,877.05,1844.0,15.84
2017-09-26,869.05,940.0,860.1,890.0,886.4,3194.0,28.64
2017-09-27,906.0,919.95,861.0,877.0,875.95,558.0,4.94
2017-09-28,870.05,902.0,870.0,902.0,895.55,1400.0,12.3
2017-09-29,903.0,960.0,882.0,944.0,946.5,2169.0,20.16
2017-10-03,926.35,958.95,881.05,930.0,925.05,7631.0,70.29
2017-10-04,950.0,950.0,920.0,945.0,944.45,904.0,8.5
2017-10-05,923.0,947.5,915.0,945.35,939.6,3491.0,32.83
2017-10-06,940.0,946.0,931.05,940.0,940.25,786.0,7.4
2017-10-09,926.05,950.0,926.05,949.9,947.2,243.0,2.3
2017-10-10,934.2,949.95,931.6,949.95,942.0,512.0,4.82
2017-10-11,950.0,970.0,895.0,937.65,914.9,3250.0,29.81
2017-10-12,948.0,966.0,920.1,932.0,933.4,2681.0,25.32
2017-10-13,945.0,952.9,925.1,932.0,931.4,609.0,5.71
2017-10-16,940.0,940.0,901.05,935.0,931.65,2389.0,22.01
2017-10-17,934.85,934.9,916.0,916.0,926.35,740.0,6.84
2017-10-18,920.0,940.0,899.95,914.0,914.2,1711.0,15.67
2017-10-19,900.5,940.0,900.5,918.8,908.5,382.0,3.5
2017-10-23,908.5,925.0,908.35,918.3,919.05,1239.0,11.35
2017-10-24,927.5,939.9,906.9,906.9,906.9,1426.0,13.05
2017-10-25,922.0,922.0,881.5,881.5,892.8,3962.0,35.65
2017-10-26,914.95,914.95,895.35,900.0,900.75,1775.0,15.99
2017-10-27,900.05,917.95,900.05,910.0,909.9,490.0,4.44
2017-10-30,909.7,930.0,909.7,910.05,911.3,606.0,5.54
2017-10-31,905.0,947.8,905.0,944.0,942.8,1415.0,13.2
2017-11-01,941.6,950.0,920.05,940.0,940.75,2258.0,21.15
2017-11-02,943.0,944.0,921.0,930.1,939.95,1055.0,9.88
2017-11-03,922.6,934.95,919.0,931.0,930.1,4328.0,40.13
2017-11-06,949.8,989.0,933.05,978.5,976.15,15230.0,147.35
2017-11-07,997.0,1018.0,987.3,1016.95,1008.6,8801.0,88.16
2017-11-08,1020.0,1044.95,991.05,1014.4,1010.15,2738.0,27.98
2017-11-09,1019.45,1019.45,997.95,998.0,998.05,461.0,4.61
2017-11-10,1020.0,1020.0,963.6,980.0,973.65,1877.0,18.29
2017-11-13,973.9,998.4,970.0,985.0,990.6,641.0,6.34
2017-11-14,973.8,1032.0,973.8,1005.0,1022.35,2733.0,27.36
2017-11-15,999.05,1000.0,962.75,963.55,977.45,3570.0,35.09
2017-11-16,997.95,1005.0,975.15,976.25,980.5,1183.0,11.73
2017-11-17,999.0,1060.0,970.25,1048.0,1038.65,2832.0,28.63
2017-11-20,1038.65,1038.65,984.6,994.0,998.9,1925.0,19.47
2017-11-21,1004.95,1013.85,985.0,1002.4,1002.1,741.0,7.39
2017-11-22,1000.0,1010.0,985.0,990.0,992.5,708.0,7.05
2017-11-23,1000.0,1000.0,975.0,976.2,977.45,2738.0,26.92
2017-11-24,977.0,1012.95,962.55,1000.0,1000.0,1261.0,12.52
2017-11-27,1000.0,1030.7,986.95,1025.0,1023.55,1917.0,19.38
2017-11-28,1040.0,1055.0,1005.35,1021.8,1042.0,1549.0,16.06
2017-11-29,1049.9,1050.0,1017.0,1041.0,1049.0,1297.0,13.55
2017-11-30,1028.05,1039.0,1015.0,1020.1,1020.95,735.0,7.51
2017-12-01,1020.5,1095.0,1020.5,1061.0,1065.8,1424.0,15.09
2017-12-04,1060.0,1074.0,1022.25,1031.9,1033.45,2747.0,28.63
2017-12-05,1064.45,1064.45,1029.95,1056.65,1055.35,1443.0,15.06
2017-12-06,1083.95,1110.2,1052.5,1079.95,1074.1,2760.0,30.13
2017-12-07,1099.6,1110.0,1047.0,1109.95,1102.5,2305.0,24.72
2017-12-08,1100.5,1207.25,1100.5,1160.8,1160.4,7489.0,87.48
2017-12-11,1150.0,1195.2,1150.0,1176.0,1172.45,1636.0,19.15
2017-12-12,1210.0,1218.0,1149.95,1173.8,1168.65,3225.0,38.12
2017-12-13,1182.0,1200.0,1152.1,1174.0,1175.5,2166.0,25.55
2017-12-14,1170.0,1185.45,1140.0,1150.0,1153.1,3681.0,42.45
2017-12-15,1188.0,1190.0,1150.0,1190.0,1169.5,1612.0,18.81
2017-12-18,1214.0,1214.0,1153.5,1205.0,1196.35,1895.0,22.69
2017-12-19,1197.0,1299.0,1190.0,1280.0,1267.25,5563.0,69.53
2017-12-20,1290.0,1310.0,1267.0,1301.9,1301.6,2207.0,28.6
2017-12-21,1310.05,1330.0,1290.0,1328.0,1318.55,3259.0,42.81
2017-12-22,1358.1,1389.35,1301.2,1355.0,1346.6,2359.0,31.47
2017-12-26,1355.0,1394.9,1325.35,1342.5,1353.95,3483.0,47.44
2017-12-27,1386.0,1386.0,1295.0,1295.0,1303.75,3660.0,48.43
2017-12-28,1340.0,1340.0,1252.55,1299.75,1287.1,3431.0,44.31
2017-12-29,1270.0,1319.75,1270.0,1314.5,1301.25,646.0,8.37
2018-01-01,1278.0,1329.5,1278.0,1294.0,1301.75,1237.0,16.18
2018-01-02,1310.0,1323.75,1255.0,1273.7,1260.4,3157.0,40.15
2018-01-03,1296.0,1300.0,1262.7,1263.3,1268.2,1337.0,17.09
2018-01-04,1280.0,1285.65,1235.0,1247.65,1242.0,4351.0,54.26
2018-01-05,1242.05,1285.0,1235.3,1270.0,1266.4,877.0,11.02
2018-01-08,1228.4,1300.0,1210.0,1300.0,1299.05,3203.0,41.12
2018-01-09,1326.0,1337.0,1278.05,1287.45,1299.2,42834.0,563.28
2018-01-10,1321.95,1339.0,1295.0,1306.9,1301.65,10573.0,139.19
2018-01-11,1311.95,1320.0,1275.0,1290.0,1285.8,3176.0,41.3
2018-01-12,1299.95,1315.0,1280.0,1300.0,1306.1,12679.0,164.52
2018-01-15,1334.0,1334.0,1280.0,1296.4,1287.25,6821.0,89.34
2018-01-16,1285.0,1312.85,1255.05,1274.85,1266.35,3655.0,46.76
2018-01-17,1256.0,1279.95,1231.1,1254.6,1264.4,1679.0,21.04
2018-01-18,1251.55,1296.85,1200.0,1207.0,1211.0,3648.0,45.56
2018-01-19,1211.0,1246.85,1190.0,1210.15,1209.55,1048.0,12.68
2018-01-22,1211.05,1244.95,1171.2,1193.0,1185.2,94548.0,1126.03
2018-01-23,1185.2,1196.7,1161.5,1188.0,1177.95,2518.0,29.63
2018-01-24,1178.1,1199.0,1161.0,1197.55,1185.5,1308.0,15.47
2018-01-25,1181.0,1206.8,1162.0,1206.8,1189.0,1436.0,17.1
2018-01-29,1189.05,1303.75,1166.0,1280.0,1262.35,3551.0,43.3
2018-01-30,1230.0,1299.95,1185.5,1251.05,1272.55,5577.0,69.57
2018-01-31,1310.0,1310.0,1236.3,1277.0,1257.85,3668.0,46.01
2018-02-01,1240.6,1277.0,1213.0,1213.05,1224.65,1584.0,19.51
2018-02-02,1170.0,1222.7,1132.05,1142.0,1140.45,3143.0,36.21
2018-02-05,1131.6,1174.0,1077.5,1174.0,1159.05,3281.0,36.75
2018-02-06,1135.0,1190.0,1077.5,1125.05,1132.6,3628.0,41.17
2018-02-07,1175.1,1194.95,1135.0,1170.0,1170.05,2936.0,34.18
2018-02-08,1180.85,1202.0,1170.5,1175.0,1185.4,71758.0,846.87
2018-02-09,1185.4,1201.0,1151.25,1195.0,1188.6,27077.0,315.78
2018-02-12,1239.8,1239.8,1161.0,1169.0,1166.85,131572.0,1538.91
2018-02-14,1160.0,1179.9,1150.0,1160.0,1160.1,6324.0,73.36
2018-02-15,1159.0,1197.0,1128.4,1190.0,1178.25,107178.0,1243.43
2018-02-16,1212.0,1255.0,1150.0,1160.0,1158.75,2557.0,30.23
2018-02-19,1159.0,1193.5,1134.0,1150.0,1156.15,1795.0,20.71
2018-02-20,1160.0,1170.05,1146.0,1168.0,1168.6,1788.0,20.89
2018-02-21,1158.0,1170.0,1128.0,1140.0,1142.7,800.0,9.18
2018-02-22,1145.05,1200.0,1145.05,1200.0,1184.0,3192.0,37.39
2018-02-23,1216.0,1216.0,1160.6,1199.0,1199.9,949.0,11.24
2018-02-26,1192.05,1233.75,1170.0,1173.0,1175.3,2161.0,25.68
2018-02-27,1190.0,1200.0,1160.0,1182.0,1191.3,1254.0,14.83
2018-02-28,1191.3,1255.0,1150.05,1220.25,1212.1,3597.0,43.13
2018-03-01,1202.1,1234.0,1180.2,1224.2,1223.9,2338.0,28.31
2018-03-05,1232.0,1232.0,1156.2,1166.5,1183.95,3800.0,45.72
2018-03-06,1200.0,1212.75,1115.55,1115.55,1139.95,6436.0,74.59
2018-03-07,1124.95,1138.0,1080.05,1100.0,1099.6,2584.0,28.58
2018-03-08,1090.05,1157.85,1033.1,1120.0,1098.95,2182.0,23.54
2018-03-09,1120.0,1123.15,1075.1,1114.55,1119.05,391.0,4.35
2018-03-12,1189.8,1189.95,1100.0,1105.1,1118.7,1074.0,12.0
2018-03-13,1135.3,1144.95,1100.0,1110.6,1116.3,7267.0,80.77
2018-03-14,1109.95,1110.0,1086.6,1094.3,1109.25,966.0,10.69
2018-03-15,1101.35,1139.15,1078.3,1080.0,1089.25,1136.0,12.46
2018-03-16,1099.0,1120.0,1089.05,1118.0,1105.05,4461.0,49.28
2018-03-19,1099.0,1099.0,1050.0,1075.0,1073.5,4565.0,48.95
2018-03-20,1058.0,1199.0,1020.0,1060.0,1062.7,7135.0,75.06
2018-03-21,1058.15,1098.95,1038.8,1087.95,1080.3,1503.0,16.01
2018-03-22,1092.8,1119.95,1065.0,1100.0,1101.4,899.0,9.86
2018-03-23,1075.0,1134.0,1050.0,1125.0,1114.85,3425.0,37.37
2018-03-26,1120.05,1160.0,1088.9,1160.0,1141.6,4403.0,50.1
2018-03-27,1148.4,1185.7,1136.8,1185.0,1174.5,4112.0,48.0
2018-03-28,1163.6,1223.95,1137.3,1220.0,1197.8,3753.0,44.15
2018-04-02,1249.0,1249.0,1198.0,1228.0,1229.05,841.0,10.35
2018-04-03,1229.5,1259.0,1200.0,1200.35,1229.0,1866.0,23.21
2018-04-04,1245.0,1251.55,1180.0,1180.0,1207.25,578.0,7.09
2018-04-05,1237.55,1260.0,1191.15,1222.55,1238.7,832.0,10.27
2018-04-06,1226.0,1259.0,1226.0,1250.0,1249.9,655.0,8.18
2018-04-09,1222.0,1300.0,1222.0,1281.0,1280.15,1093.0,13.89
2018-04-10,1315.0,1328.7,1201.1,1219.0,1238.4,4542.0,57.37
2018-04-11,1230.0,1258.9,1222.05,1255.8,1246.4,743.0,9.24
2018-04-12,1260.0,1267.45,1209.0,1237.7,1237.0,466.0,5.77
2018-04-13,1216.05,1246.7,1210.4,1220.0,1232.75,2619.0,32.15
2018-04-16,1232.0,1232.0,1210.0,1225.0,1222.1,354.0,4.34
2018-04-17,1217.6,1248.35,1198.0,1211.0,1213.35,776.0,9.44
2018-04-18,1215.05,1246.7,1180.0,1230.0,1214.8,758.0,9.29
2018-04-19,1240.0,1248.0,1200.25,1220.0,1230.8,462.0,5.7
2018-04-20,1249.8,1330.0,1220.05,1227.0,1229.25,883.0,11.06
2018-04-23,1210.1,1246.95,1194.65,1210.05,1219.15,1196.0,14.53
2018-04-24,1220.0,1251.0,1215.5,1251.0,1249.45,846.0,10.48
2018-04-25,1220.1,1250.0,1220.05,1250.0,1250.0,456.0,5.64
2018-04-26,1250.0,1288.0,1230.0,1231.7,1248.95,23755.0,297.02
2018-04-27,1260.0,1267.9,1210.0,1210.0,1223.45,494.0,6.11
2018-04-30,1247.95,1247.95,1186.7,1187.0,1192.75,5190.0,62.71
2018-05-02,1227.95,1227.95,1191.0,1191.0,1191.0,841.0,10.13
2018-05-03,1191.0,1200.0,1171.0,1200.0,1199.15,1492.0,17.81
2018-05-04,1200.0,1249.0,1180.2,1180.2,1199.2,10688.0,128.47
2018-05-07,1199.95,1199.95,1166.2,1172.65,1172.9,457.0,5.42
2018-05-08,1197.0,1197.0,1180.0,1180.0,1191.75,232.0,2.77
2018-05-09,1177.0,1190.0,1174.1,1175.0,1175.0,82.0,0.96
2018-05-10,1186.0,1219.6,1140.0,1167.0,1148.95,2595.0,30.06
2018-05-11,1150.0,1150.0,1115.0,1115.0,1125.95,384.0,4.34
2018-05-14,1125.0,1125.0,1080.0,1095.0,1098.25,3746.0,41.16
2018-05-15,1088.0,1120.0,1075.0,1100.5,1113.6,2103.0,23.31
2018-05-16,1090.05,1120.0,1046.8,1103.35,1112.95,4938.0,52.75
2018-05-17,1146.3,1170.0,1115.0,1130.0,1130.05,464.0,5.24
2018-05-18,1127.05,1145.0,1127.0,1145.0,1135.95,339.0,3.84
2018-05-21,1145.0,1165.0,1102.0,1116.0,1119.2,583.0,6.57
2018-05-22,1121.0,1210.0,1090.0,1180.25,1181.2,1546.0,17.84
2018-05-23,1182.0,1209.75,1145.8,1200.0,1198.0,1389.0,16.63
2018-05-24,1170.25,1211.5,1150.2,1185.05,1199.85,1557.0,18.62
2018-05-25,1185.05,1210.0,1172.1,1180.1,1199.15,772.0,9.24
2018-05-28,1188.65,1204.75,1188.65,1192.0,1192.3,937.0,11.17
2018-05-29,1179.95,1179.95,1150.0,1151.0,1153.7,900.0,10.5
2018-05-30,1151.0,1189.4,1140.0,1185.05,1188.8,929.0,10.92
2018-05-31,1210.0,1210.0,1163.0,1190.0,1185.6,562.0,6.66
2018-06-01,1185.6,1198.0,1160.0,1160.0,1165.2,160.0,1.91
2018-06-04,1165.0,1175.0,1140.05,1175.0,1164.25,702.0,8.09
2018-06-05,1163.2,1163.2,1081.0,1119.95,1107.7,6615.0,73.25
2018-06-06,1100.0,1115.0,1042.05,1100.0,1099.4,1864.0,20.37
2018-06-07,1100.0,1129.9,1076.3,1113.0,1109.7,1589.0,17.39
2018-06-08,1076.45,1148.0,1075.0,1100.0,1102.7,3965.0,43.63
2018-06-11,1091.0,1157.4,1091.0,1100.0,1101.75,357.0,3.97
2018-06-12,1145.8,1240.0,1100.05,1126.0,1132.5,2158.0,24.77
2018-06-13,1126.0,1148.85,1080.0,1100.0,1100.55,2559.0,28.2
2018-06-14,1100.55,1115.0,1099.95,1112.55,1112.55,248.0,2.73
2018-06-15,1100.0,1127.95,1100.0,1124.9,1108.25,282.0,3.13
2018-06-18,1088.05,1123.85,1086.1,1105.0,1104.4,437.0,4.8
2018-06-19,1100.05,1124.35,1083.7,1100.0,1100.0,404.0,4.45
2018-06-20,1067.0,1138.95,1067.0,1118.0,1116.6,1893.0,20.88
2018-06-21,1100.0,1135.0,1086.0,1125.0,1122.25,346.0,3.87
2018-06-22,1095.05,1150.0,1075.0,1149.0,1125.3,5613.0,62.2
2018-06-25,1121.9,1125.0,1085.0,1085.0,1090.0,600.0,6.59
2018-06-26,1090.0,1095.0,1057.3,1065.05,1074.25,826.0,8.93
2018-06-27,1075.0,1075.0,1010.0,1020.0,1027.1,1195.0,12.23
2018-06-28,1030.05,1040.05,1013.0,1013.0,1017.75,803.0,8.16
2018-06-29,1035.0,1075.0,1035.0,1049.2,1046.2,225.0,2.36
2018-07-02,1050.0,1080.0,1039.7,1051.0,1060.15,1643.0,17.38
2018-07-03,1049.0,1049.0,1028.35,1040.0,1039.85,232.0,2.4
2018-07-04,1059.0,1064.0,982.05,1000.0,993.6,2958.0,29.7
2018-07-05,980.0,1023.4,935.05,995.2,995.65,2912.0,28.34
2018-07-06,995.6,1000.0,991.05,996.0,995.75,1304.0,12.99
2018-07-09,999.95,1012.9,970.0,971.0,972.1,1364.0,13.32
2018-07-10,1001.3,1040.05,975.05,1016.05,1019.25,3438.0,34.8
2018-07-11,1020.0,1034.95,980.2,985.0,993.0,1180.0,11.73
2018-07-12,1000.0,1014.95,980.0,991.0,991.0,1252.0,12.44
2018-07-13,980.05,1000.0,978.0,980.0,980.25,228.0,2.25
2018-07-16,997.0,997.0,950.55,970.1,952.75,1138.0,11.04
2018-07-17,952.5,974.0,952.5,961.0,963.45,707.0,6.78
2018-07-18,945.0,985.0,945.0,953.0,951.55,393.0,3.76
2018-07-19,947.1,965.0,945.15,960.0,960.15,270.0,2.57
2018-07-20,951.0,973.0,940.95,970.0,970.0,2052.0,19.54
2018-07-23,947.0,970.0,901.0,922.5,930.75,7402.0,68.81
2018-07-24,912.1,950.0,884.25,911.0,939.6,3206.0,29.66
2018-07-25,922.0,937.0,922.0,935.0,933.8,629.0,5.86
2018-07-26,938.95,940.0,931.0,932.0,932.0,1168.0,10.96
2018-07-27,935.0,935.0,910.0,929.0,921.95,1213.0,11.24
2018-07-30,935.0,935.0,907.05,911.1,924.3,286.0,2.64
2018-07-31,905.55,925.0,905.0,925.0,922.5,3720.0,34.1
2018-08-01,945.55,945.55,867.2,892.0,891.8,6052.0,53.99
2018-08-02,891.05,925.0,891.0,925.0,918.85,2400.0,21.71
2018-08-03,925.0,930.0,902.55,916.0,918.15,189.0,1.74
2018-08-06,900.05,930.0,900.0,915.0,915.2,1229.0,11.25
2018-08-07,930.0,947.9,910.5,945.0,942.05,8776.0,81.33
2018-08-08,942.05,981.0,941.0,970.0,972.4,8961.0,86.29
2018-08-09,970.0,975.0,924.95,954.0,946.45,17330.0,165.9
2018-08-10,942.0,942.0,920.5,930.0,929.45,1076.0,10.06
2018-08-13,906.25,915.0,881.55,895.0,900.3,3875.0,35.02
2018-08-14,892.95,955.0,880.5,955.0,945.85,10060.0,93.15
2018-08-16,945.85,981.0,945.85,975.0,977.3,2805.0,27.16
2018-08-17,990.0,990.0,966.4,982.0,980.45,687.0,6.73
2018-08-20,970.05,1038.9,970.0,1038.9,1019.85,1120.0,11.28
2018-08-21,1025.0,1049.0,1010.7,1042.0,1033.1,1176.0,12.08
2018-08-23,1036.0,1058.85,1025.0,1032.0,1042.1,725.0,7.54
2018-08-24,1016.05,1061.05,950.1,1060.0,1060.1,858.0,8.97
2018-08-27,1038.8,1060.0,1009.7,1045.0,1043.9,659.0,6.88
2018-08-28,1024.1,1090.0,1018.0,1085.0,1077.1,1211.0,12.84
2018-08-29,1069.95,1088.65,1026.0,1040.0,1044.15,2497.0,26.04
2018-08-30,1049.95,1079.9,1044.2,1060.0,1060.5,256.0,2.7
2018-08-31,1065.0,1070.15,1030.0,1038.0,1037.05,831.0,8.69
2018-09-03,1030.2,1059.1,1030.2,1050.0,1051.7,619.0,6.45
2018-09-04,1028.05,1050.0,1025.0,1050.0,1035.25,774.0,8.02
2018-09-05,1011.55,1069.0,1009.95,1060.0,1040.2,1231.0,12.69
2018-09-06,1059.95,1074.0,1014.5,1031.1,1032.15,1605.0,16.47
2018-09-07,1022.0,1070.0,1014.0,1070.0,1065.2,1475.0,15.25
2018-09-10,1050.0,1080.1,1038.5,1070.0,1068.75,612.0,6.49
2018-09-11,1048.65,1070.0,1048.65,1051.0,1064.15,1670.0,17.75
2018-09-12,1033.5,1036.3,988.7,1020.0,1021.0,1220.0,12.47
2018-09-14,1015.0,1046.4,1000.05,1025.0,1020.0,925.0,9.44
2018-09-17,1020.0,1020.05,1000.0,1020.0,1017.4,464.0,4.69
2018-09-18,1007.25,1070.0,991.0,1070.0,1045.95,1141.0,11.76
2018-09-19,1030.0,1055.0,1026.0,1040.0,1045.1,24973.0,260.93
2018-09-21,1024.2,1061.9,1000.0,1050.0,1042.5,2936.0,29.92
2018-09-24,1068.95,1070.0,965.05,980.0,983.8,1972.0,19.59
2018-09-25,980.0,1010.0,950.0,1010.0,1002.35,1287.0,12.81
2018-09-26,1009.85,1009.85,986.1,992.0,992.85,22.0,0.22
2018-09-27,988.75,999.85,980.0,999.0,999.25,580.0,5.78
2018-09-28,1005.9,1006.0,916.0,980.0,968.9,1194.0,11.43
2018-10-01,870.05,1014.0,870.05,980.0,988.1,860.0,8.42
2018-10-03,999.95,999.95,948.0,953.05,953.45,374.0,3.59
2018-10-04,949.95,959.45,900.05,959.45,946.8,1733.0,16.14
2018-10-05,925.15,950.05,905.0,950.0,950.0,2879.0,26.9
2018-10-08,950.05,950.05,909.0,925.0,919.35,2075.0,19.09
2018-10-09,919.0,932.95,871.25,900.0,889.2,2343.0,21.12
2018-10-10,889.0,938.0,889.0,938.0,932.3,1803.0,16.47
2018-10-11,932.3,950.0,895.5,950.0,936.85,238.0,2.2
2018-10-12,937.0,937.0,902.05,902.1,918.65,1408.0,12.96
2018-10-15,918.0,930.0,909.0,920.0,924.85,1145.0,10.59
2018-10-16,924.95,946.0,920.0,925.0,925.85,1561.0,14.46
2018-10-17,926.0,945.0,887.5,914.4,906.7,894.0,8.09
2018-10-19,899.3,950.0,890.0,941.0,946.85,1336.0,12.45
2018-10-22,1003.95,1003.95,917.0,917.0,927.8,1207.0,11.36
2018-10-23,938.0,942.0,889.2,905.0,911.0,597.0,5.46
2018-10-24,933.0,933.8,889.2,889.2,891.05,700.0,6.31
2018-10-25,970.0,970.0,865.0,901.0,914.05,822.0,7.46
2018-10-26,930.0,930.0,905.0,910.0,909.85,2004.0,18.23
2018-10-29,909.0,924.0,900.0,902.0,907.75,121.0,1.1
2018-10-30,905.85,908.95,845.6,895.0,871.65,6024.0,52.74
2018-10-31,863.05,925.0,851.35,925.0,916.7,792.0,7.0
2018-11-01,939.55,950.0,900.05,932.1,932.0,646.0,5.99
2018-11-02,947.2,950.0,900.0,913.0,917.3,1334.0,12.19
2018-11-05,938.3,949.9,911.0,939.0,931.6,794.0,7.37
2018-11-06,939.0,939.0,908.35,910.2,919.75,440.0,4.03
2018-11-07,974.85,974.85,910.1,947.0,933.4,277.0,2.58
2018-11-09,949.45,949.95,913.05,930.0,930.75,613.0,5.71
2018-11-12,920.6,949.45,890.1,935.95,924.45,3169.0,29.17
2018-11-13,943.8,943.8,905.0,924.0,919.2,316.0,2.9
2018-11-14,908.0,936.95,908.0,918.0,917.9,212.0,1.95
2018-11-15,954.95,954.95,900.0,900.0,908.95,562.0,5.12
2018-11-16,900.0,924.0,866.0,882.6,877.55,1134.0,10.0
2018-11-19,889.7,909.3,875.0,882.0,883.35,1378.0,12.18
2018-11-20,884.45,899.35,884.0,885.0,885.8,453.0,4.02
2018-11-21,883.0,909.0,882.35,909.0,905.8,255.0,2.29
2018-11-22,895.05,950.0,870.0,950.0,923.5,3292.0,30.19
2018-11-26,947.25,947.25,886.05,887.0,889.05,1738.0,15.63
2018-11-27,919.95,930.0,855.0,910.0,883.55,6429.0,56.43
2018-11-28,893.55,915.0,871.05,915.0,910.05,1553.0,14.05
2018-11-29,893.7,918.4,890.5,909.0,908.3,322.0,2.89
2018-11-30,928.4,928.4,900.0,913.0,913.0,193.0,1.76
2018-12-03,911.95,919.4,881.5,919.0,905.8,844.0,7.59
2018-12-04,929.95,929.95,880.0,910.0,907.15,1185.0,10.68
2018-12-05,907.15,911.65,886.45,910.5,909.95,190.0,1.71
2018-12-06,888.0,909.0,861.4,908.0,879.5,3045.0,26.66
2018-12-07,910.5,929.0,880.85,929.0,912.95,1235.0,11.2
2018-12-10,876.0,927.95,876.0,914.8,907.4,769.0,7.01
2018-12-11,908.25,913.8,892.4,912.0,912.45,137.0,1.25
2018-12-12,920.0,927.75,889.95,900.0,896.3,872.0,7.83
2018-12-13,900.7,911.0,891.0,891.0,894.2,486.0,4.36
2018-12-14,904.05,904.4,886.0,886.0,886.2,194.0,1.72
2018-12-17,914.4,919.0,898.05,910.0,909.4,265.0,2.41
2018-12-18,912.35,918.4,900.0,900.0,906.15,255.0,2.33
2018-12-19,913.2,929.4,891.05,891.1,893.3,206.0,1.86
2018-12-20,891.45,950.0,891.45,950.0,940.35,1383.0,12.97
2018-12-21,922.7,930.0,883.0,894.55,905.8,1142.0,10.29
2018-12-24,905.8,927.95,883.0,886.6,890.65,270.0,2.41
2018-12-26,944.05,944.05,865.0,895.0,884.6,3697.0,32.4
2018-12-27,909.4,923.1,900.1,906.0,907.0,2265.0,20.61
2018-12-28,903.05,921.0,894.15,920.0,914.8,1340.0,12.21
2018-12-31,892.0,940.0,888.0,915.0,916.7,25705.0,233.86
2019-01-01,908.8,908.8,882.1,883.0,889.85,3629.0,32.33
2019-01-02,889.45,890.0,875.0,880.0,878.65,1246.0,10.96
2019-01-03,895.2,906.3,875.0,900.0,892.0,1752.0,15.53
2019-01-04,884.05,884.05,870.4,870.4,874.05,1216.0,10.65
